time_absolute,request_type,value
1785069576.9859765,Generative Requests,1
1785069587.1616175,Generative Requests,1
1785069597.2729642,Generative Requests,1
1785069603.2998464,Generative Requests,1
1785069609.219498,Generative Requests,1
1785069615.0259213,Generative Requests,1
1785069618.7400777,Generative Requests,1
1785069622.3971696,Generative Requests,1
1785069626.0227604,Generative Requests,1
1785069631.6941006,Generative Requests,1
1785069635.3901834,Generative Requests,1
1785069645.2092042,Generative Requests,1
1785069649.096676,Generative Requests,1
1785069652.7267473,Generative Requests,1
1785069656.3916938,Generative Requests,1
1785069660.0505638,Generative Requests,1
1785069669.8999574,Generative Requests,1
1785069675.8603654,Generative Requests,1
1785069685.8013594,Generative Requests,1
1785069691.7922654,Generative Requests,1
1785069695.5407984,Generative Requests,1
1785069705.4477773,Generative Requests,1
1785069709.3509216,Generative Requests,1
1785069719.19052,Generative Requests,1
1785069729.3040752,Generative Requests,1
1785069733.2132123,Generative Requests,1
1785069743.0310209,Generative Requests,1
1785069746.9055614,Generative Requests,1
1785069756.765803,Generative Requests,1
1785069760.6728523,Generative Requests,1
1785069770.5552015,Generative Requests,1
1785069774.4634583,Generative Requests,1
1785069778.1489546,Generative Requests,1
1785069788.059594,Generative Requests,1
1785069791.9859688,Generative Requests,1
1785069801.8747675,Generative Requests,1
1785069805.8000772,Generative Requests,1
1785069809.4824405,Generative Requests,1
1785069813.1236145,Generative Requests,1
1785069816.8128107,Generative Requests,1
1785069820.451437,Generative Requests,1
1785069826.1474907,Generative Requests,1
1785069831.911052,Generative Requests,1
1785069837.6859949,Generative Requests,1
1785069843.526138,Generative Requests,1
1785069849.342228,Generative Requests,1
1785069855.1666086,Generative Requests,1
1785069860.93286,Generative Requests,1
1785069866.692148,Generative Requests,1
1785069872.4542854,Generative Requests,1
1785069876.2025251,Generative Requests,1
1785069879.8633099,Generative Requests,1
1785069885.5810862,Generative Requests,1
1785069889.2933033,Generative Requests,1
1785069892.9736505,Generative Requests,1
1785069896.6145873,Generative Requests,1
1785069902.3522608,Generative Requests,1
1785069912.2369113,Generative Requests,1
1785069922.3707707,Generative Requests,1
1785069926.2818363,Generative Requests,1
1785069929.944692,Generative Requests,1
1785069935.707282,Generative Requests,1
1785069945.6933699,Generative Requests,1
1785069949.6039977,Generative Requests,1
1785069955.3586798,Generative Requests,1
1785069965.2434235,Generative Requests,1
1785069969.1741002,Generative Requests,1
1785069974.9117854,Generative Requests,1
1785069978.6723382,Generative Requests,1
1785069982.338213,Generative Requests,1
1785069992.2019324,Generative Requests,1
1785069996.1233172,Generative Requests,1
1785070001.8122296,Generative Requests,1
1785070007.6311862,Generative Requests,1
1785070013.441819,Generative Requests,1
1785070032.104101,Generative Requests,1
1785070042.4154055,Generative Requests,1
1785070046.3449345,Generative Requests,1
1785070056.2628279,Generative Requests,1
1785070060.209914,Generative Requests,1
1785070065.951423,Generative Requests,1
1785070069.7070453,Generative Requests,1
1785070079.6059477,Generative Requests,1
1785070085.6237168,Generative Requests,1
1785070104.3085651,Generative Requests,1
1785070108.41565,Generative Requests,1
1785070114.1481354,Generative Requests,1
1785070132.787902,Generative Requests,1
1785070136.8916233,Generative Requests,1
1785070140.5120878,Generative Requests,1
1785070146.2658045,Generative Requests,1
1785070149.9665267,Generative Requests,1
1785070153.5872242,Generative Requests,1
1785070157.237741,Generative Requests,1
1785070162.937799,Generative Requests,1
1785070168.7147987,Generative Requests,1
1785070178.551632,Generative Requests,1
1785070184.49525,Generative Requests,1
1785070190.2717779,Generative Requests,1
1785070200.1202707,Generative Requests,1
1785070206.1312764,Generative Requests,1
1785070209.892672,Generative Requests,1
1785070219.6889977,Generative Requests,1
1785070223.5980058,Generative Requests,1
1785070227.2786546,Generative Requests,1
1785070230.9408727,Generative Requests,1
1785070240.7207732,Generative Requests,1
1785070244.640991,Generative Requests,1
1785070248.3224034,Generative Requests,1
1785070254.0849996,Generative Requests,1
1785070263.9274151,Generative Requests,1
1785070267.8862743,Generative Requests,1
1785070277.719423,Generative Requests,1
1785070283.7436562,Generative Requests,1
1785070287.493879,Generative Requests,1
1785070291.154536,Generative Requests,1
1785070296.9432075,Generative Requests,1
1785070300.7070098,Generative Requests,1
1785070310.6321628,Generative Requests,1
1785070320.649339,Generative Requests,1
1785070324.5602643,Generative Requests,1
1785070334.3469071,Generative Requests,1
1785070344.3697684,Generative Requests,1
1785070348.2498786,Generative Requests,1
1785070358.0626006,Generative Requests,1
1785070361.9889457,Generative Requests,1
1785070365.7155566,Generative Requests,1
1785070369.4201536,Generative Requests,1
1785070373.0503724,Generative Requests,1
1785070382.8077168,Generative Requests,1
1785070386.7400255,Generative Requests,1
1785070390.4037163,Generative Requests,1
1785070394.0664454,Generative Requests,1
1785070403.8644917,Generative Requests,1
1785070407.7969413,Generative Requests,1
1785070413.5334663,Generative Requests,1
1785070423.3744771,Generative Requests,1
1785070429.3528864,Generative Requests,1
1785070433.0917864,Generative Requests,1
1785070442.8707535,Generative Requests,1
1785070446.78473,Generative Requests,1
1785070450.404042,Generative Requests,1
1785070460.2697666,Generative Requests,1
1785070464.1831505,Generative Requests,1
1785070473.9703076,Generative Requests,1
1785070477.8885934,Generative Requests,1
1785070481.5160062,Generative Requests,1
1785070485.1391501,Generative Requests,1
1785070494.8995407,Generative Requests,1
1785070498.7896676,Generative Requests,1
1785070502.4171436,Generative Requests,1
1785070506.071456,Generative Requests,1
1785070515.8370223,Generative Requests,1
1785070525.9801033,Generative Requests,1
1785070536.0937955,Generative Requests,1
1785070540.0041034,Generative Requests,1
1785070549.7867973,Generative Requests,1
1785070553.6904824,Generative Requests,1
1785070557.3528996,Generative Requests,1
1785070567.1637213,Generative Requests,1
1785070571.0703318,Generative Requests,1
1785070580.8045287,Generative Requests,1
1785070584.7065847,Generative Requests,1
1785070588.3666456,Generative Requests,1
1785070591.9795623,Generative Requests,1
1785070601.7281911,Generative Requests,1
1785070605.6392238,Generative Requests,1
1785070615.5449438,Generative Requests,1
1785070619.4530756,Generative Requests,1
1785070623.088386,Generative Requests,1
1785070632.8773708,Generative Requests,1
1785070636.8058505,Generative Requests,1
1785070646.6081674,Generative Requests,1
1785070656.6053524,Generative Requests,1
1785070660.477489,Generative Requests,1
1785070670.3230083,Generative Requests,1
1785070680.4343166,Generative Requests,1
1785070690.4668627,Generative Requests,1
1785070700.5983753,Generative Requests,1
1785070710.636537,Generative Requests,1
1785070720.7729504,Generative Requests,1
1785070739.6370609,Generative Requests,1
1785070743.6440077,Generative Requests,1
1785070753.397743,Generative Requests,1
1785070757.2898471,Generative Requests,1
1785070760.9034314,Generative Requests,1
1785070764.5163138,Generative Requests,1
1785070768.11851,Generative Requests,1
1785070777.9081273,Generative Requests,1
1785070787.9136474,Generative Requests,1
1785070791.8118937,Generative Requests,1
1785070795.4435418,Generative Requests,1
1785070799.0717907,Generative Requests,1
1785070802.7048893,Generative Requests,1
1785070812.4720411,Generative Requests,1
1785070816.3810773,Generative Requests,1
1785070834.9624417,Generative Requests,1
1785070845.1816406,Generative Requests,1
1785070849.103777,Generative Requests,1
1785070858.9195397,Generative Requests,1
1785070868.927637,Generative Requests,1
1785070872.8374405,Generative Requests,1
1785070882.598787,Generative Requests,1
1785070888.6109664,Generative Requests,1
1785070892.3715758,Generative Requests,1
1785070898.100471,Generative Requests,1
1785070901.8064792,Generative Requests,1
1785070907.4991324,Generative Requests,1
1785070917.3426254,Generative Requests,1
1785070927.4140983,Generative Requests,1
1785070931.357017,Generative Requests,1
1785070941.1848204,Generative Requests,1
1785070951.2453048,Generative Requests,1
1785070955.1557472,Generative Requests,1
1785070958.845842,Generative Requests,1
1785070962.5317948,Generative Requests,1
1785070966.1849546,Generative Requests,1
1785070969.850105,Generative Requests,1
1785070979.629167,Generative Requests,1
1785070985.615726,Generative Requests,1
1785070989.3841255,Generative Requests,1
1785070993.0769675,Generative Requests,1
1785070996.744991,Generative Requests,1
1785071006.5574276,Generative Requests,1
1785071010.4691803,Generative Requests,1
1785071014.159325,Generative Requests,1
1785071017.8514516,Generative Requests,1
1785071027.6489177,Generative Requests,1
1785071031.5770564,Generative Requests,1
1785071035.267152,Generative Requests,1
1785071038.9751837,Generative Requests,1
1785071048.7528071,Generative Requests,1
1785071052.661424,Generative Requests,1
1785071056.3240469,Generative Requests,1
1785071059.9829192,Generative Requests,1
1785071063.6684763,Generative Requests,1
1785071067.3448205,Generative Requests,1
1785071071.0119274,Generative Requests,1
1785071074.6726801,Generative Requests,1
1785071078.3056786,Generative Requests,1
1785071081.9667814,Generative Requests,1
1785071100.5128262,Generative Requests,1
1785071119.4958496,Generative Requests,1
1785071138.4922793,Generative Requests,1
1785071157.5230114,Generative Requests,1
1785071161.6170516,Generative Requests,1
1785071165.2975416,Generative Requests,1
1785071168.977167,Generative Requests,1
1785071172.6575255,Generative Requests,1
1785071176.327448,Generative Requests,1
1785071186.109084,Generative Requests,1
1785071190.0377767,Generative Requests,1
1785071193.7379735,Generative Requests,1
1785071197.405008,Generative Requests,1
1785071201.0709624,Generative Requests,1
1785071204.7367854,Generative Requests,1
1785071223.324416,Generative Requests,1
1785071233.6435134,Generative Requests,1
1785071243.804109,Generative Requests,1
1785071247.7122996,Generative Requests,1
1785071257.6482189,Generative Requests,1
1785071261.5513487,Generative Requests,1
1785071265.2197194,Generative Requests,1
1785071268.8976219,Generative Requests,1
1785071278.780893,Generative Requests,1
1785071288.9152486,Generative Requests,1
1785071299.0733552,Generative Requests,1
1785071309.2503338,Generative Requests,1
1785071319.4162428,Generative Requests,1
1785071323.3588367,Generative Requests,1
1785071333.2679298,Generative Requests,1
1785071343.3851876,Generative Requests,1
1785071353.5487301,Generative Requests,1
1785071357.4654207,Generative Requests,1
1785071376.06043,Generative Requests,1
1785071380.1268582,Generative Requests,1
1785071398.7126105,Generative Requests,1
1785071417.7329116,Generative Requests,1
1785071421.8484836,Generative Requests,1
1785071425.5147696,Generative Requests,1
1785071429.148765,Generative Requests,1
1785071432.805712,Generative Requests,1
1785071451.3674426,Generative Requests,1
1785071470.3961103,Generative Requests,1
1785071474.4485776,Generative Requests,1
1785071478.0538824,Generative Requests,1
1785071481.719406,Generative Requests,1
1785071485.3347726,Generative Requests,1
1785071488.9469936,Generative Requests,1
1785071492.618169,Generative Requests,1
1785071496.2838528,Generative Requests,1
1785071499.8873503,Generative Requests,1
1785071503.5477996,Generative Requests,1
1785071507.1562555,Generative Requests,1
1785071510.819223,Generative Requests,1
1785071514.4814,Generative Requests,1
1785071518.1413043,Generative Requests,1
1785071521.8043382,Generative Requests,1
1785071525.4681373,Generative Requests,1
1785071529.1304994,Generative Requests,1
1785071532.798816,Generative Requests,1
1785071536.471862,Generative Requests,1
1785071540.134519,Generative Requests,1
1785071543.8040335,Generative Requests,1
1785071547.462776,Generative Requests,1
1785071551.1462324,Generative Requests,1
1785071560.921837,Generative Requests,1
1785071564.84372,Generative Requests,1
1785071574.6199517,Generative Requests,1
1785071593.4795904,Generative Requests,1
1785071597.5818875,Generative Requests,1
1785071601.2985168,Generative Requests,1
1785071604.9981287,Generative Requests,1
1785071623.6035244,Generative Requests,1
1785071627.707485,Generative Requests,1
1785071631.4024527,Generative Requests,1
1785071635.0857584,Generative Requests,1
1785071653.671961,Generative Requests,1
1785071657.7532253,Generative Requests,1
1785071667.5837314,Generative Requests,1
1785071671.5115237,Generative Requests,1
1785071675.1981227,Generative Requests,1
1785071685.0001578,Generative Requests,1
1785071688.9231663,Generative Requests,1
1785071692.6045702,Generative Requests,1
1785071696.2837946,Generative Requests,1
1785071700.0016131,Generative Requests,1
1785071709.7886539,Generative Requests,1
1785071713.6911087,Generative Requests,1
1785071717.3173246,Generative Requests,1
1785071727.0931966,Generative Requests,1
1785071731.0213232,Generative Requests,1
1785071740.8031642,Generative Requests,1
1785071750.8294203,Generative Requests,1
1785071760.8534923,Generative Requests,1
1785071770.8894722,Generative Requests,1
1785071780.9384604,Generative Requests,1
1785071784.8567529,Generative Requests,1
1785071794.6447327,Generative Requests,1
1785071798.550479,Generative Requests,1
1785071802.2116432,Generative Requests,1
1785071805.8182266,Generative Requests,1
1785071809.4881363,Generative Requests,1
1785071813.0761788,Generative Requests,1
1785071816.763008,Generative Requests,1
1785071820.3386064,Generative Requests,1
1785071830.1207495,Generative Requests,1
1785071834.0282612,Generative Requests,1
1785071837.6638975,Generative Requests,1
1785071841.3332634,Generative Requests,1
1785071844.997745,Generative Requests,1
1785071854.779892,Generative Requests,1
1785071860.7954285,Generative Requests,1
1785071870.7701085,Generative Requests,1
1785071874.5904963,Generative Requests,1
1785071878.1603508,Generative Requests,1
1785071887.905421,Generative Requests,1
1785071891.8022223,Generative Requests,1
1785071895.457087,Generative Requests,1
1785071905.33479,Generative Requests,1
1785071915.3783174,Generative Requests,1
1785071919.3065233,Generative Requests,1
1785071929.2175877,Generative Requests,1
1785071939.2454932,Generative Requests,1
1785071943.1808107,Generative Requests,1
1785071946.8624525,Generative Requests,1
1785071950.520392,Generative Requests,1
1785071960.378789,Generative Requests,1
1785071964.279538,Generative Requests,1
1785071974.0328088,Generative Requests,1
1785071977.9331777,Generative Requests,1
1785071981.5961967,Generative Requests,1
1785071991.374844,Generative Requests,1
1785071995.2937255,Generative Requests,1
1785071998.99036,Generative Requests,1
1785072008.7793055,Generative Requests,1
1785072018.888103,Generative Requests,1
1785072022.7861066,Generative Requests,1
1785072026.432293,Generative Requests,1
1785072030.1069784,Generative Requests,1
1785072039.9105408,Generative Requests,1
1785072043.813746,Generative Requests,1
1785072047.489375,Generative Requests,1
1785072051.1604154,Generative Requests,1
1785072061.0267584,Generative Requests,1
1785072079.873376,Generative Requests,1
1785072090.1074235,Generative Requests,1
1785072100.1549077,Generative Requests,1
1785072110.2929924,Generative Requests,1
1785072120.3159778,Generative Requests,1
1785072130.4684978,Generative Requests,1
1785072140.6282148,Generative Requests,1
1785072150.6331577,Generative Requests,1
1785072160.6727788,Generative Requests,1
1785072164.597713,Generative Requests,1
1785072174.3963752,Generative Requests,1
1785072178.3158517,Generative Requests,1
1785072196.784645,Generative Requests,1
1785072207.1358278,Generative Requests,1
1785072217.2131603,Generative Requests,1
1785072221.12662,Generative Requests,1
1785072230.9523907,Generative Requests,1
1785072249.6920898,Generative Requests,1
1785072260.0321248,Generative Requests,1
1785072270.0598736,Generative Requests,1
1785072273.9637556,Generative Requests,1
1785072283.7793305,Generative Requests,1
1785072302.5277803,Generative Requests,1
1785072312.7297254,Generative Requests,1
1785072331.464558,Generative Requests,1
1785072341.7340984,Generative Requests,1
1785072351.9352088,Generative Requests,1
1785072361.9659686,Generative Requests,1
1785072380.6925507,Generative Requests,1
1785072391.0397239,Generative Requests,1
1785072409.892446,Generative Requests,1
1785072420.2055838,Generative Requests,1
1785072438.928625,Generative Requests,1
1785072449.2343235,Generative Requests,1
1785072468.0929832,Generative Requests,1
1785072478.3807242,Generative Requests,1
1785072488.510962,Generative Requests,1
1785072507.3565998,Generative Requests,1
1785072526.2752142,Generative Requests,1
1785072545.30532,Generative Requests,1
1785072564.3317776,Generative Requests,1
1785072583.2488153,Generative Requests,1
1785072587.3513243,Generative Requests,1
1785072605.8713121,Generative Requests,1
1785072609.953372,Generative Requests,1
1785072613.6274135,Generative Requests,1
1785072623.533573,Generative Requests,1
1785072642.3137672,Generative Requests,1
1785072652.6797614,Generative Requests,1
1785072671.4129314,Generative Requests,1
1785072681.6581385,Generative Requests,1
1785072700.4092124,Generative Requests,1
1785072704.5371354,Generative Requests,1
1785072708.2450023,Generative Requests,1
1785072726.891791,Generative Requests,1
1785072745.94761,Generative Requests,1
1785072764.9399588,Generative Requests,1
1785072784.015445,Generative Requests,1
1785072788.0271301,Generative Requests,1
1785072806.5436885,Generative Requests,1
1785072825.483427,Generative Requests,1
1785072844.5286033,Generative Requests,1
1785072848.6304862,Generative Requests,1
1785072867.1402721,Generative Requests,1
1785072871.1619911,Generative Requests,1
1785072874.8347838,Generative Requests,1
1785072878.517447,Generative Requests,1
1785072897.0159464,Generative Requests,1
1785072901.109789,Generative Requests,1
1785072904.7922971,Generative Requests,1
1785072908.5060313,Generative Requests,1
1785072912.178345,Generative Requests,1
1785072930.6555889,Generative Requests,1
1785072934.7456615,Generative Requests,1
1785072938.3883882,Generative Requests,1
1785072948.2972677,Generative Requests,1
1785072958.4549544,Generative Requests,1
1785072962.3720784,Generative Requests,1
1785072966.0770109,Generative Requests,1
1785072975.969609,Generative Requests,1
1785072979.879992,Generative Requests,1
1785072983.5412765,Generative Requests,1
1785073001.9991868,Generative Requests,1
1785073006.0568676,Generative Requests,1
1785073015.9529474,Generative Requests,1
1785073019.870841,Generative Requests,1
1785073023.5370095,Generative Requests,1
1785073027.1985154,Generative Requests,1
1785073030.8837993,Generative Requests,1
1785073034.4625924,Generative Requests,1
1785073052.9231417,Generative Requests,1
1785073057.0052798,Generative Requests,1
1785073060.566342,Generative Requests,1
1785073064.223139,Generative Requests,1
1785073067.9030743,Generative Requests,1
1785073071.605764,Generative Requests,1
1785073075.1943593,Generative Requests,1
1785073085.0691116,Generative Requests,1
1785073088.972723,Generative Requests,1
1785073107.436161,Generative Requests,1
1785073111.536357,Generative Requests,1
1785073121.3651965,Generative Requests,1
1785073125.2684462,Generative Requests,1
1785073135.1600404,Generative Requests,1
1785073139.0597305,Generative Requests,1
1785073142.7387776,Generative Requests,1
1785073152.6184192,Generative Requests,1
1785073156.5500777,Generative Requests,1
1785073160.2432635,Generative Requests,1
1785073163.9322722,Generative Requests,1
1785073173.7923326,Generative Requests,1
1785073177.694586,Generative Requests,1
1785073181.3580728,Generative Requests,1
1785073185.0235674,Generative Requests,1
1785073188.6860094,Generative Requests,1
1785073198.5717094,Generative Requests,1
1785073202.4865625,Generative Requests,1
1785073206.1581953,Generative Requests,1
1785073216.0323622,Generative Requests,1
1785073219.9345727,Generative Requests,1
1785073229.7657886,Generative Requests,1
1785073233.5771322,Generative Requests,1
1785073237.192068,Generative Requests,1
1785073240.8040318,Generative Requests,1
1785073250.6994963,Generative Requests,1
1785073254.609633,Generative Requests,1
1785073264.557069,Generative Requests,1
1785073268.483174,Generative Requests,1
1785073272.1986258,Generative Requests,1
1785073275.8820925,Generative Requests,1
1785073279.6107826,Generative Requests,1
1785073283.3228643,Generative Requests,1
1785073287.0046358,Generative Requests,1
1785073296.8834662,Generative Requests,1
1785073300.7881653,Generative Requests,1
1785073304.4709456,Generative Requests,1
1785073314.375665,Generative Requests,1
1785073318.2787368,Generative Requests,1
1785073321.9783263,Generative Requests,1
1785073325.5475247,Generative Requests,1
1785073329.1565301,Generative Requests,1
1785073338.9878209,Generative Requests,1
1785073342.8746808,Generative Requests,1
1785073346.5008926,Generative Requests,1
1785073350.169003,Generative Requests,1
1785073353.775105,Generative Requests,1
1785073357.4039762,Generative Requests,1
1785073361.028951,Generative Requests,1
1785073370.9114354,Generative Requests,1
1785073374.8601012,Generative Requests,1
1785073378.5854015,Generative Requests,1
1785073388.46766,Generative Requests,1
1785073392.3817863,Generative Requests,1
1785073410.972819,Generative Requests,1
1785073415.093361,Generative Requests,1
1785073425.007487,Generative Requests,1
1785073428.957456,Generative Requests,1
1785073432.6435244,Generative Requests,1
1785073442.537056,Generative Requests,1
1785073452.6866944,Generative Requests,1
1785073462.797587,Generative Requests,1
1785073472.9445271,Generative Requests,1
1785073491.776848,Generative Requests,1
1785073510.819142,Generative Requests,1
1785073514.9041843,Generative Requests,1
1785073524.8340778,Generative Requests,1
1785073528.7636998,Generative Requests,1
1785073534.52888,Generative Requests,1
1785073544.5080347,Generative Requests,1
1785073548.4163704,Generative Requests,1
1785073554.1498668,Generative Requests,1
1785073557.85466,Generative Requests,1
1785073561.4703076,Generative Requests,1
1785073565.0048418,Generative Requests,1
1785073568.6184647,Generative Requests,1
1785073572.1876416,Generative Requests,1
1785073575.8104277,Generative Requests,1
1785073579.4730957,Generative Requests,1
1785073583.1315088,Generative Requests,1
1785073586.808956,Generative Requests,1
1785073590.4799101,Generative Requests,1
1785073594.051805,Generative Requests,1
1785073599.7858307,Generative Requests,1
1785073603.4554853,Generative Requests,1
1785073607.14389,Generative Requests,1
1785073610.8174708,Generative Requests,1
1785073614.3845975,Generative Requests,1
1785073617.9503343,Generative Requests,1
1785073621.5125337,Generative Requests,1
1785073625.0723684,Generative Requests,1
1785073628.7004783,Generative Requests,1
1785073638.4784253,Generative Requests,1
1785073642.3145232,Generative Requests,1
1785073650.102338,Generative Requests,1
1785073658.0419092,Generative Requests,1
1785073665.974368,Generative Requests,1
1785073675.8783448,Generative Requests,1
1785073679.7859807,Generative Requests,1
1785073683.337274,Generative Requests,1
1785073693.145244,Generative Requests,1
1785073703.200807,Generative Requests,1
1785073713.2481487,Generative Requests,1
1785073719.203027,Generative Requests,1
1785073722.9082735,Generative Requests,1
1785073732.6908333,Generative Requests,1
1785073738.6754835,Generative Requests,1
1785073748.567165,Generative Requests,1
1785073754.5849729,Generative Requests,1
1785073764.4714556,Generative Requests,1
1785073774.6219764,Generative Requests,1
1785073784.6567252,Generative Requests,1
1785073790.6430032,Generative Requests,1
1785073794.3894615,Generative Requests,1
1785073804.1693475,Generative Requests,1
1785073814.3214614,Generative Requests,1
1785073824.3732724,Generative Requests,1
1785073828.306494,Generative Requests,1
1785073838.1370258,Generative Requests,1
1785073848.3240385,Generative Requests,1
1785073858.3789096,Generative Requests,1
1785073862.3044891,Generative Requests,1
1785073865.9795399,Generative Requests,1
1785073875.7699795,Generative Requests,1
1785073879.6763444,Generative Requests,1
1785073889.4519165,Generative Requests,1
1785073893.2605963,Generative Requests,1
1785073902.993464,Generative Requests,1
1785073913.087557,Generative Requests,1
1785073931.8035932,Generative Requests,1
1785073935.8908432,Generative Requests,1
1785073945.691674,Generative Requests,1
1785073955.7327611,Generative Requests,1
1785073959.6753101,Generative Requests,1
1785073963.3308518,Generative Requests,1
1785073967.0207412,Generative Requests,1
1785073976.8115494,Generative Requests,1
1785073982.7969,Generative Requests,1
1785074001.5157757,Generative Requests,1
1785074011.7250605,Generative Requests,1
1785074015.633234,Generative Requests,1
1785074034.1253517,Generative Requests,1
1785074038.1439571,Generative Requests,1
1785074047.9516892,Generative Requests,1
1785074057.9829504,Generative Requests,1
1785074061.90422,Generative Requests,1
1785074067.6636696,Generative Requests,1
1785074071.4260838,Generative Requests,1
1785074075.1204433,Generative Requests,1
1785074093.6123152,Generative Requests,1
1785074097.6297474,Generative Requests,1
1785074101.2999012,Generative Requests,1
1785074111.0977159,Generative Requests,1
1785074117.1194186,Generative Requests,1
1785074120.8836129,Generative Requests,1
1785074124.5383933,Generative Requests,1
1785074134.3135247,Generative Requests,1
1785074153.0529613,Generative Requests,1
1785074163.3355274,Generative Requests,1
1785074173.3844194,Generative Requests,1
1785074183.431694,Generative Requests,1
1785074187.4213574,Generative Requests,1
1785074197.350705,Generative Requests,1
1785074207.5078704,Generative Requests,1
1785074217.5932426,Generative Requests,1
1785074227.752442,Generative Requests,1
1785074237.8130279,Generative Requests,1
1785074241.7480192,Generative Requests,1
1785074251.5625122,Generative Requests,1
1785074270.4035451,Generative Requests,1
1785074280.6158185,Generative Requests,1
1785074290.6726606,Generative Requests,1
1785074294.5710468,Generative Requests,1
1785074304.3590949,Generative Requests,1
1785074323.2125056,Generative Requests,1
1785074327.3070774,Generative Requests,1
1785074337.1176624,Generative Requests,1
1785074341.0714626,Generative Requests,1
1785074350.8627794,Generative Requests,1
1785074369.7193975,Generative Requests,1
1785074388.7403383,Generative Requests,1
1785074392.8204494,Generative Requests,1
1785074402.6283488,Generative Requests,1
1785074421.4967213,Generative Requests,1
1785074425.58858,Generative Requests,1
1785074435.3784919,Generative Requests,1
1785074445.5426903,Generative Requests,1
1785074449.4742439,Generative Requests,1
1785074453.1825142,Generative Requests,1
1785074463.0852013,Generative Requests,1
1785074467.0230453,Generative Requests,1
1785074470.7122838,Generative Requests,1
1785074480.6014817,Generative Requests,1
1785074484.554394,Generative Requests,1
1785074488.2366211,Generative Requests,1
1785074498.0556524,Generative Requests,1
1785074501.9516277,Generative Requests,1
1785074507.5560565,Generative Requests,1
1785074511.2368553,Generative Requests,1
1785074514.8728583,Generative Requests,1
1785074518.49554,Generative Requests,1
1785074522.121836,Generative Requests,1
1785074527.7809224,Generative Requests,1
1785074531.4377012,Generative Requests,1
1785074535.107738,Generative Requests,1
1785074544.8618321,Generative Requests,1
1785074550.7336438,Generative Requests,1
1785074554.4780817,Generative Requests,1
1785074573.0594056,Generative Requests,1
1785074579.1571107,Generative Requests,1
1785074589.0237584,Generative Requests,1
1785074599.097383,Generative Requests,1
1785074617.9325335,Generative Requests,1
1785074624.0102713,Generative Requests,1
1785074633.9030583,Generative Requests,1
1785074643.9536831,Generative Requests,1
1785074654.002956,Generative Requests,1
1785074672.8484879,Generative Requests,1
1785074683.0617354,Generative Requests,1
1785074701.9488764,Generative Requests,1
1785074708.0610762,Generative Requests,1
1785074711.7576172,Generative Requests,1
1785074721.5941017,Generative Requests,1
1785074740.4716032,Generative Requests,1
1785074744.5900257,Generative Requests,1
1785074754.4854803,Generative Requests,1
1785074764.5545583,Generative Requests,1
1785074770.4485238,Generative Requests,1
1785074774.0937717,Generative Requests,1
1785074783.8930733,Generative Requests,1
1785074789.8234732,Generative Requests,1
1785074793.62328,Generative Requests,1
1785074799.3977532,Generative Requests,1
1785074803.0678403,Generative Requests,1
1785074806.746752,Generative Requests,1
1785074812.4940853,Generative Requests,1
1785074818.2146251,Generative Requests,1
1785074836.9237604,Generative Requests,1
1785074840.9376307,Generative Requests,1
1785074844.6443071,Generative Requests,1
1785074854.4391105,Generative Requests,1
1785074858.3521917,Generative Requests,1
1785074862.0189261,Generative Requests,1
1785074871.8203194,Generative Requests,1
1785074875.7332377,Generative Requests,1
1785074879.4294727,Generative Requests,1
1785074883.109743,Generative Requests,1
1785074892.8960772,Generative Requests,1
1785074896.8057263,Generative Requests,1
1785074900.4828813,Generative Requests,1
1785074904.1572351,Generative Requests,1
1785074913.9392054,Generative Requests,1
1785074923.9582539,Generative Requests,1
1785074934.012924,Generative Requests,1
1785074944.2109694,Generative Requests,1
1785074950.1243484,Generative Requests,1
1785074959.9983394,Generative Requests,1
1785074970.1133792,Generative Requests,1
1785074980.180126,Generative Requests,1
1785074990.3257842,Generative Requests,1
1785075000.4695141,Generative Requests,1
1785075010.4869246,Generative Requests,1
1785075020.6246893,Generative Requests,1
1785075030.6476638,Generative Requests,1
1785075040.7404583,Generative Requests,1
1785075046.6489754,Generative Requests,1
1785075050.4237576,Generative Requests,1
1785075060.1950698,Generative Requests,1
1785075070.2457619,Generative Requests,1
1785075074.122691,Generative Requests,1
1785075077.7446716,Generative Requests,1
1785075087.6074772,Generative Requests,1
1785075097.6307085,Generative Requests,1
1785075101.5329244,Generative Requests,1
1785075105.192471,Generative Requests,1
1785075108.7964745,Generative Requests,1
1785075112.413758,Generative Requests,1
1785075118.0535707,Generative Requests,1
1785075123.8582025,Generative Requests,1
1785075133.6766162,Generative Requests,1
1785075137.5887535,Generative Requests,1
1785075143.2806568,Generative Requests,1
1785075148.965303,Generative Requests,1
1785075152.6670609,Generative Requests,1
1785075156.2897487,Generative Requests,1
1785075159.9437006,Generative Requests,1
1785075163.6345453,Generative Requests,1
1785075182.2356865,Generative Requests,1
1785075192.5578427,Generative Requests,1
1785075198.455246,Generative Requests,1
1785075202.2211788,Generative Requests,1
1785075205.926619,Generative Requests,1
1785075209.546248,Generative Requests,1
1785075219.4201047,Generative Requests,1
1785075223.32217,Generative Requests,1
1785075227.0062623,Generative Requests,1
1785075236.7957675,Generative Requests,1
1785075240.7182457,Generative Requests,1
1785075250.4904423,Generative Requests,1
1785075254.377702,Generative Requests,1
1785075258.0031786,Generative Requests,1
1785075261.6876285,Generative Requests,1
1785075271.521016,Generative Requests,1
1785075281.544135,Generative Requests,1
1785075285.4113095,Generative Requests,1
1785075289.0385668,Generative Requests,1
1785075294.720053,Generative Requests,1
1785075304.6021438,Generative Requests,1
1785075308.5334618,Generative Requests,1
1785075318.297605,Generative Requests,1
1785075322.1714642,Generative Requests,1
1785075331.9367316,Generative Requests,1
1785075335.8137498,Generative Requests,1
1785075339.4614995,Generative Requests,1
1785075349.2642066,Generative Requests,1
1785075353.188892,Generative Requests,1
1785075358.842274,Generative Requests,1
1785075362.5727673,Generative Requests,1
1785075366.2040026,Generative Requests,1
1785075369.7657208,Generative Requests,1
1785075373.4093986,Generative Requests,1
1785075377.0430253,Generative Requests,1
1785075386.9404006,Generative Requests,1
1785075392.814725,Generative Requests,1
1785075396.5593083,Generative Requests,1
1785075400.192176,Generative Requests,1
1785075410.0396702,Generative Requests,1
1785075420.1051085,Generative Requests,1
1785075423.9777713,Generative Requests,1
1785075427.5811868,Generative Requests,1
1785075431.2132375,Generative Requests,1
1785075434.7743385,Generative Requests,1
1785075444.696787,Generative Requests,1
1785075448.6324673,Generative Requests,1
1785075458.3836603,Generative Requests,1
1785075462.282383,Generative Requests,1
1785075465.8515697,Generative Requests,1
1785075469.530828,Generative Requests,1
1785075473.1742358,Generative Requests,1
1785075476.745737,Generative Requests,1
1785075480.4139585,Generative Requests,1
1785075484.0998151,Generative Requests,1
1785075487.666182,Generative Requests,1
1785075491.3467557,Generative Requests,1
1785075495.012097,Generative Requests,1
1785075498.6722775,Generative Requests,1
1785075502.3555732,Generative Requests,1
1785075506.0151134,Generative Requests,1
1785075515.8933287,Generative Requests,1
1785075519.8123274,Generative Requests,1
1785075523.513356,Generative Requests,1
1785075527.1705272,Generative Requests,1
1785075532.7918172,Generative Requests,1
1785075536.5296319,Generative Requests,1
1785075540.2365127,Generative Requests,1
1785075558.848376,Generative Requests,1
1785075569.0700881,Generative Requests,1
1785075573.0015807,Generative Requests,1
1785075576.6906757,Generative Requests,1
1785075582.3230472,Generative Requests,1
1785075586.0694044,Generative Requests,1
1785075595.9919653,Generative Requests,1
1785075599.910827,Generative Requests,1
1785075603.5337348,Generative Requests,1
1785075622.1357653,Generative Requests,1
1785075632.331776,Generative Requests,1
1785075636.2327595,Generative Requests,1
1785075639.9184673,Generative Requests,1
1785075658.5324283,Generative Requests,1
1785075668.8302765,Generative Requests,1
1785075687.6567633,Generative Requests,1
1785075697.867657,Generative Requests,1
1785075701.7964845,Generative Requests,1
1785075720.4446738,Generative Requests,1
1785075739.471772,Generative Requests,1
1785075743.5698717,Generative Requests,1
1785075747.239289,Generative Requests,1
1785075750.943184,Generative Requests,1
1785075769.5555506,Generative Requests,1
1785075773.680328,Generative Requests,1
1785075779.3109188,Generative Requests,1
1785075783.073681,Generative Requests,1
1785075786.7589328,Generative Requests,1
1785075790.3543189,Generative Requests,1
1785075808.8234954,Generative Requests,1
1785075812.906851,Generative Requests,1
1785075816.57358,Generative Requests,1
1785075835.0481045,Generative Requests,1
1785075845.3815153,Generative Requests,1
1785075864.1205194,Generative Requests,1
1785075870.2129366,Generative Requests,1
1785075888.7796128,Generative Requests,1
1785075892.8519297,Generative Requests,1
1785075911.3321862,Generative Requests,1
1785075930.2918386,Generative Requests,1
1785075940.6696048,Generative Requests,1
1785075946.6152,Generative Requests,1
1785075965.196838,Generative Requests,1
1785075984.1120527,Generative Requests,1
1785075988.2145038,Generative Requests,1
1785076006.715568,Generative Requests,1
1785076025.631413,Generative Requests,1
1785076031.7189286,Generative Requests,1
1785076050.2998366,Generative Requests,1
1785076069.2198951,Generative Requests,1
1785076088.236758,Generative Requests,1
1785076107.2880971,Generative Requests,1
1785076126.2429063,Generative Requests,1
1785076132.3787687,Generative Requests,1
1785076138.0891643,Generative Requests,1
1785076156.6555984,Generative Requests,1
1785076175.5522707,Generative Requests,1
1785076194.4999049,Generative Requests,1
1785076198.5529978,Generative Requests,1
1785076202.186116,Generative Requests,1
1785076220.7236931,Generative Requests,1
1785076224.822157,Generative Requests,1
1785076243.3199358,Generative Requests,1
1785076247.415051,Generative Requests,1
1785076257.3173223,Generative Requests,1
1785076261.2569406,Generative Requests,1
1785076279.7648683,Generative Requests,1
1785076285.8270097,Generative Requests,1
1785076289.5951698,Generative Requests,1
1785076293.2546897,Generative Requests,1
1785076296.8841527,Generative Requests,1
1785076300.54217,Generative Requests,1
1785076318.9966435,Generative Requests,1
1785076323.082905,Generative Requests,1
1785076326.7646034,Generative Requests,1
1785076330.424299,Generative Requests,1
1785076334.1043665,Generative Requests,1
1785076337.7822,Generative Requests,1
1785076343.5532877,Generative Requests,1
1785076347.324369,Generative Requests,1
1785076351.0066433,Generative Requests,1
1785076354.68993,Generative Requests,1
1785076373.1674483,Generative Requests,1
1785076377.2688491,Generative Requests,1
1785076380.9544737,Generative Requests,1
1785076384.6357365,Generative Requests,1
1785076403.2275798,Generative Requests,1
1785076407.331144,Generative Requests,1
1785076411.01386,Generative Requests,1
1785076414.699457,Generative Requests,1
1785076418.3798022,Generative Requests,1
1785076422.0674214,Generative Requests,1
1785076440.5592377,Generative Requests,1
1785076446.6246002,Generative Requests,1
1785076450.3652513,Generative Requests,1
1785076468.980441,Generative Requests,1
1785076473.061883,Generative Requests,1
1785076476.7487314,Generative Requests,1
1785076480.4389591,Generative Requests,1
1785076484.099454,Generative Requests,1
1785076487.7795055,Generative Requests,1
1785076491.4563568,Generative Requests,1
1785076495.1099036,Generative Requests,1
1785076498.7757897,Generative Requests,1
1785076502.4356055,Generative Requests,1
1785076506.0914001,Generative Requests,1
1785076509.707189,Generative Requests,1
1785076513.3438506,Generative Requests,1
1785076516.9545548,Generative Requests,1
1785076520.583924,Generative Requests,1
1785076524.2203972,Generative Requests,1
1785076527.8202152,Generative Requests,1
1785076531.4363992,Generative Requests,1
1785076535.0559695,Generative Requests,1
1785076538.7217565,Generative Requests,1
1785076542.3230562,Generative Requests,1
1785076545.9530406,Generative Requests,1
1785076549.5764437,Generative Requests,1
1785076553.1799192,Generative Requests,1
1785076556.7841587,Generative Requests,1
1785076560.3945699,Generative Requests,1
1785076563.9944549,Generative Requests,1
1785076567.6025481,Generative Requests,1
1785076571.2014294,Generative Requests,1
1785076574.8512752,Generative Requests,1
1785076578.458487,Generative Requests,1
1785076582.0598075,Generative Requests,1
1785076585.6631858,Generative Requests,1
1785076589.3892202,Generative Requests,1
1785076593.0862617,Generative Requests,1
1785076596.7487926,Generative Requests,1
1785076600.4216363,Generative Requests,1
1785076604.091197,Generative Requests,1
1785076607.7748318,Generative Requests,1
1785076611.4459975,Generative Requests,1
1785076615.1084688,Generative Requests,1
1785076618.7795088,Generative Requests,1
1785076628.6448274,Generative Requests,1
1785076638.6680176,Generative Requests,1
1785076648.7053711,Generative Requests,1
1785076658.713645,Generative Requests,1
1785076662.5263667,Generative Requests,1
1785076666.088497,Generative Requests,1
1785076675.8483405,Generative Requests,1
1785076679.757208,Generative Requests,1
1785076698.3685503,Generative Requests,1
1785076702.4572766,Generative Requests,1
1785076706.001357,Generative Requests,1
1785076709.5578697,Generative Requests,1
1785076713.2099223,Generative Requests,1
1785076716.7929878,Generative Requests,1
1785076720.387572,Generative Requests,1
1785076723.9983015,Generative Requests,1
1785076733.857208,Generative Requests,1
1785076743.9926717,Generative Requests,1
1785076747.9016855,Generative Requests,1
1785076751.5897293,Generative Requests,1
1785076761.5126057,Generative Requests,1
1785076765.442429,Generative Requests,1
1785076775.3329408,Generative Requests,1
1785076785.516442,Generative Requests,1
1785076789.329622,Generative Requests,1
1785076799.241833,Generative Requests,1
1785076803.0837657,Generative Requests,1
1785076806.7378302,Generative Requests,1
1785076810.4227958,Generative Requests,1
1785076814.1085773,Generative Requests,1
1785076817.7991161,Generative Requests,1
1785076821.504096,Generative Requests,1
1785076825.099764,Generative Requests,1
1785076828.801635,Generative Requests,1
1785076832.38739,Generative Requests,1
1785076835.9432333,Generative Requests,1
1785076839.575303,Generative Requests,1
1785076843.2280045,Generative Requests,1
1785076846.9072738,Generative Requests,1
1785076850.5870407,Generative Requests,1
1785076854.2662218,Generative Requests,1
1785076872.86805,Generative Requests,1
1785076891.8714483,Generative Requests,1
1785076910.8850272,Generative Requests,1
1785076929.799859,Generative Requests,1
1785076948.808409,Generative Requests,1
1785076967.756102,Generative Requests,1
1785076971.860145,Generative Requests,1
1785076990.459866,Generative Requests,1
1785077009.4833837,Generative Requests,1
1785077013.5879557,Generative Requests,1
1785077017.2133763,Generative Requests,1
1785077020.7969522,Generative Requests,1
1785077030.589303,Generative Requests,1
1785077034.4648006,Generative Requests,1
1785077038.1263933,Generative Requests,1
1785077056.59641,Generative Requests,1
1785077075.5113306,Generative Requests,1
1785077094.451758,Generative Requests,1
1785077113.4117172,Generative Requests,1
1785077132.3671913,Generative Requests,1
1785077151.295596,Generative Requests,1
1785077170.2237177,Generative Requests,1
1785077189.1395824,Generative Requests,1
1785077193.2266893,Generative Requests,1
1785077211.711652,Generative Requests,1
1785077230.6436822,Generative Requests,1
1785077234.730299,Generative Requests,1
1785077238.393883,Generative Requests,1
1785077242.0377004,Generative Requests,1
1785077245.7167907,Generative Requests,1
1785077255.4900756,Generative Requests,1
1785077259.391381,Generative Requests,1
1785077263.0022104,Generative Requests,1
1785077266.6440227,Generative Requests,1
1785077270.3128023,Generative Requests,1
1785077288.7524903,Generative Requests,1
1785077292.8442123,Generative Requests,1
1785077298.612063,Generative Requests,1
1785077302.3687189,Generative Requests,1
1785077306.0390618,Generative Requests,1
1785077309.7103736,Generative Requests,1
1785077313.403596,Generative Requests,1
1785077317.0150113,Generative Requests,1
1785077320.6741443,Generative Requests,1
1785077339.155891,Generative Requests,1
1785077343.2562742,Generative Requests,1
1785077346.9274511,Generative Requests,1
1785077350.5945468,Generative Requests,1
1785077354.2614906,Generative Requests,1
1785077357.9283857,Generative Requests,1
1785077361.5906394,Generative Requests,1
1785077365.2574348,Generative Requests,1
1785077368.9256165,Generative Requests,1
1785077372.5394514,Generative Requests,1
1785077376.2076838,Generative Requests,1
1785077379.8177454,Generative Requests,1
1785077398.3957107,Generative Requests,1
1785077402.4855344,Generative Requests,1
1785077412.3531399,Generative Requests,1
1785077431.0807912,Generative Requests,1
1785077450.1207192,Generative Requests,1
1785077454.2079532,Generative Requests,1
1785077457.9015248,Generative Requests,1
1785077461.5737255,Generative Requests,1
1785077480.0200303,Generative Requests,1
1785077490.318211,Generative Requests,1
1785077509.0681527,Generative Requests,1
1785077527.999796,Generative Requests,1
1785077532.0992405,Generative Requests,1
1785077535.7836497,Generative Requests,1
1785077539.4793012,Generative Requests,1
1785077557.9678504,Generative Requests,1
1785077562.0684824,Generative Requests,1
1785077565.692157,Generative Requests,1
1785077569.3045213,Generative Requests,1
1785077572.932545,Generative Requests,1
1785077576.5465794,Generative Requests,1
1785077580.1693342,Generative Requests,1
1785077583.8502514,Generative Requests,1
1785077587.4192257,Generative Requests,1
1785077591.0471275,Generative Requests,1
1785077594.6210058,Generative Requests,1
1785077598.202779,Generative Requests,1
1785077601.7849605,Generative Requests,1
1785077605.4670887,Generative Requests,1
1785077609.147454,Generative Requests,1
1785077612.6974273,Generative Requests,1
1785077616.27788,Generative Requests,1
1785077619.8583045,Generative Requests,1
1785077623.4366364,Generative Requests,1
1785077627.0136344,Generative Requests,1
1785077630.585803,Generative Requests,1
1785077634.1543872,Generative Requests,1
1785077637.7220128,Generative Requests,1
1785077641.406535,Generative Requests,1
1785077644.9730687,Generative Requests,1
1785077648.5447001,Generative Requests,1
1785077652.1814582,Generative Requests,1
1785077655.7220585,Generative Requests,1
1785077659.2740467,Generative Requests,1
1785077669.0200162,Generative Requests,1
1785077672.8309734,Generative Requests,1
1785077676.3683763,Generative Requests,1
1785077679.9963548,Generative Requests,1
1785077689.7493215,Generative Requests,1
1785077693.5611277,Generative Requests,1
1785077697.1702983,Generative Requests,1
1785077700.7052865,Generative Requests,1
1785077704.2704635,Generative Requests,1
1785077707.8176832,Generative Requests,1
1785077711.4213545,Generative Requests,1
1785077714.991555,Generative Requests,1
1785077724.8676803,Generative Requests,1
1785077728.7101207,Generative Requests,1
1785077732.300335,Generative Requests,1
1785077735.888528,Generative Requests,1
1785077739.571865,Generative Requests,1
1785077743.1556644,Generative Requests,1
1785077746.7374668,Generative Requests,1
1785077756.5372198,Generative Requests,1
1785077766.5562963,Generative Requests,1
1785077770.3835092,Generative Requests,1
1785077776.1267495,Generative Requests,1
1785077781.9482567,Generative Requests,1
1785077791.8465493,Generative Requests,1
1785077801.8932087,Generative Requests,1
1785077805.8263693,Generative Requests,1
1785077809.5130048,Generative Requests,1
1785077819.3241162,Generative Requests,1
1785077823.2435193,Generative Requests,1
1785077826.8090916,Generative Requests,1
1785077830.3804593,Generative Requests,1
1785077833.9496925,Generative Requests,1
1785077837.6103945,Generative Requests,1
1785077841.2652009,Generative Requests,1
1785077844.9251502,Generative Requests,1
1785077848.5847037,Generative Requests,1
1785077852.2472942,Generative Requests,1
1785077855.8431668,Generative Requests,1
1785077859.4701216,Generative Requests,1
1785077869.3487048,Generative Requests,1
1785077873.2692153,Generative Requests,1
1785077876.8504243,Generative Requests,1
1785077886.6078684,Generative Requests,1
1785077896.6358488,Generative Requests,1
1785077906.685189,Generative Requests,1
1785077910.5828388,Generative Requests,1
1785077920.4398143,Generative Requests,1
1785077926.4032063,Generative Requests,1
1785077932.2201934,Generative Requests,1
1785077938.0506427,Generative Requests,1
1785077941.8169973,Generative Requests,1
1785077947.525357,Generative Requests,1
1785077951.227713,Generative Requests,1
1785077969.8052456,Generative Requests,1
1785077988.8007512,Generative Requests,1
1785078007.8474014,Generative Requests,1
1785078013.9981046,Generative Requests,1
1785078017.7282224,Generative Requests,1
1785078036.3319688,Generative Requests,1
1785078055.37134,Generative Requests,1
1785078061.537908,Generative Requests,1
1785078067.3660114,Generative Requests,1
1785078071.1105225,Generative Requests,1
1785078074.7892873,Generative Requests,1
1785078078.3993378,Generative Requests,1
1785078084.129441,Generative Requests,1
1785078087.8906434,Generative Requests,1
1785078091.5619428,Generative Requests,1
1785078110.1001081,Generative Requests,1
1785078114.2047713,Generative Requests,1
1785078132.8315341,Generative Requests,1
1785078136.9196324,Generative Requests,1
1785078140.5283322,Generative Requests,1
1785078150.3773882,Generative Requests,1
1785078154.294725,Generative Requests,1
1785078172.8964384,Generative Requests,1
1785078176.9384356,Generative Requests,1
1785078180.538158,Generative Requests,1
1785078199.1288295,Generative Requests,1
1785078203.206524,Generative Requests,1
1785078213.1039948,Generative Requests,1
1785078219.0869603,Generative Requests,1
1785078222.8132682,Generative Requests,1
1785078226.4401624,Generative Requests,1
1785078230.0395215,Generative Requests,1
1785078235.7533941,Generative Requests,1
1785078239.482025,Generative Requests,1
1785078258.0761116,Generative Requests,1
1785078262.1531062,Generative Requests,1
1785078265.8069186,Generative Requests,1
1785078284.3049452,Generative Requests,1
1785078303.3048093,Generative Requests,1
1785078307.3210576,Generative Requests,1
1785078310.9940567,Generative Requests,1
1785078314.6806798,Generative Requests,1
1785078320.4236183,Generative Requests,1
1785078339.056226,Generative Requests,1
1785078345.2200096,Generative Requests,1
1785078363.9078486,Generative Requests,1
1785078368.0018425,Generative Requests,1
1785078373.7110987,Generative Requests,1
1785078377.4232588,Generative Requests,1
1785078381.093968,Generative Requests,1
1785078390.9011664,Generative Requests,1
1785078394.7753239,Generative Requests,1
1785078398.438178,Generative Requests,1
1785078402.0995696,Generative Requests,1
1785078411.9012322,Generative Requests,1
1785078415.8073986,Generative Requests,1
1785078419.466842,Generative Requests,1
1785078423.1384892,Generative Requests,1
1785078426.7991877,Generative Requests,1
1785078430.4608467,Generative Requests,1
1785078434.0612016,Generative Requests,1
1785078437.6635563,Generative Requests,1
1785078441.2885869,Generative Requests,1
1785078444.891606,Generative Requests,1
1785078463.4633744,Generative Requests,1
1785078467.5488186,Generative Requests,1
1785078471.2168899,Generative Requests,1
1785078474.8834207,Generative Requests,1
1785078478.5474007,Generative Requests,1
1785078482.2126458,Generative Requests,1
1785078485.875411,Generative Requests,1
1785078489.5458074,Generative Requests,1
1785078493.2138555,Generative Requests,1
1785078496.8827477,Generative Requests,1
1785078500.550956,Generative Requests,1
1785078504.2179651,Generative Requests,1
1785078507.8776994,Generative Requests,1
1785078526.467583,Generative Requests,1
1785078530.5511663,Generative Requests,1
1785078534.211485,Generative Requests,1
1785078537.874424,Generative Requests,1
1785078541.541182,Generative Requests,1
1785078545.1430726,Generative Requests,1
1785078548.775227,Generative Requests,1
1785078567.3242955,Generative Requests,1
1785078571.4005501,Generative Requests,1
1785078575.0633855,Generative Requests,1
1785078578.7243123,Generative Requests,1
1785078582.3979669,Generative Requests,1
1785078586.095336,Generative Requests,1
1785078589.7657733,Generative Requests,1
1785078593.3654754,Generative Requests,1
1785078596.9190156,Generative Requests,1
1785078606.67137,Generative Requests,1
1785078625.5085459,Generative Requests,1
1785078644.4913106,Generative Requests,1
1785078663.487647,Generative Requests,1
1785078682.4844918,Generative Requests,1
1785078701.5042927,Generative Requests,1
1785078720.4810252,Generative Requests,1
1785078739.4962287,Generative Requests,1
1785078758.4968688,Generative Requests,1
1785078762.5587437,Generative Requests,1
1785078766.2057562,Generative Requests,1
1785078769.8210704,Generative Requests,1
1785078773.4984682,Generative Requests,1
1785078783.399567,Generative Requests,1
1785078793.5320265,Generative Requests,1
1785078803.6836832,Generative Requests,1
1785078813.794064,Generative Requests,1
1785078823.9268832,Generative Requests,1
1785078842.732359,Generative Requests,1
1785078861.7472336,Generative Requests,1
1785078880.7844028,Generative Requests,1
1785078899.7954528,Generative Requests,1
1785078903.8693702,Generative Requests,1
1785078922.4470966,Generative Requests,1
1785078941.48375,Generative Requests,1
1785078960.5445526,Generative Requests,1
1785078979.55549,Generative Requests,1
1785078998.589248,Generative Requests,1
1785079002.6777587,Generative Requests,1
1785079006.3003588,Generative Requests,1
1785079009.9610355,Generative Requests,1
1785079013.6185346,Generative Requests,1
1785079017.282637,Generative Requests,1
1785079020.897856,Generative Requests,1
1785079024.5072436,Generative Requests,1
1785079028.13499,Generative Requests,1
1785079038.0157483,Generative Requests,1
1785079048.167595,Generative Requests,1
1785079058.2730238,Generative Requests,1
1785079062.1716104,Generative Requests,1
1785079072.044748,Generative Requests,1
1785079090.904555,Generative Requests,1
1785079094.930125,Generative Requests,1
1785079098.6184201,Generative Requests,1
1785079102.3071573,Generative Requests,1
1785079105.899204,Generative Requests,1
1785079124.5238743,Generative Requests,1
1785079128.521002,Generative Requests,1
1785079134.285486,Generative Requests,1
1785079152.9801743,Generative Requests,1
1785079157.0701818,Generative Requests,1
1785079160.7342923,Generative Requests,1
1785079179.3368342,Generative Requests,1
1785079183.4419727,Generative Requests,1
1785079187.0681891,Generative Requests,1
1785079205.6638618,Generative Requests,1
1785079224.7110457,Generative Requests,1
1785079228.8166025,Generative Requests,1
1785079247.439736,Generative Requests,1
1785079266.4882078,Generative Requests,1
1785079276.794156,Generative Requests,1
1785079280.689268,Generative Requests,1
1785079284.3433993,Generative Requests,1
1785079288.0132914,Generative Requests,1
1785079291.6022544,Generative Requests,1
1785079295.2217422,Generative Requests,1
1785079298.854381,Generative Requests,1
1785079302.4169002,Generative Requests,1
1785079306.0164852,Generative Requests,1
1785079309.6270053,Generative Requests,1
1785079313.2342029,Generative Requests,1
1785079316.8619292,Generative Requests,1
1785079320.480206,Generative Requests,1
1785079324.098184,Generative Requests,1
1785079327.7165995,Generative Requests,1
1785079331.3468163,Generative Requests,1
1785079341.1935997,Generative Requests,1
1785079351.2934372,Generative Requests,1
1785079361.4237502,Generative Requests,1
1785079371.5287712,Generative Requests,1
1785079381.6049485,Generative Requests,1
1785079385.48401,Generative Requests,1
1785079389.0865731,Generative Requests,1
1785079392.7038164,Generative Requests,1
1785079396.330227,Generative Requests,1
1785079399.9614248,Generative Requests,1
1785079403.5924273,Generative Requests,1
1785079407.200207,Generative Requests,1
1785079410.8140917,Generative Requests,1
1785079420.6412833,Generative Requests,1
1785079424.515976,Generative Requests,1
1785079428.1311653,Generative Requests,1
1785079446.6725392,Generative Requests,1
1785079450.729071,Generative Requests,1
1785079460.592977,Generative Requests,1
1785079464.4796898,Generative Requests,1
1785079474.3537412,Generative Requests,1
1785079478.1596391,Generative Requests,1
1785079481.7872307,Generative Requests,1
1785079485.3232477,Generative Requests,1
1785079490.9371026,Generative Requests,1
1785079494.6310272,Generative Requests,1
1785079504.47979,Generative Requests,1
1785079510.365779,Generative Requests,1
1785079514.0513873,Generative Requests,1
1785079523.8113515,Generative Requests,1
1785079529.6870136,Generative Requests,1
1785079533.4298246,Generative Requests,1
1785079551.976193,Generative Requests,1
1785079556.0556,Generative Requests,1
1785079559.6825833,Generative Requests,1
1785079569.475692,Generative Requests,1
1785079579.5801718,Generative Requests,1
1785079589.6571946,Generative Requests,1
1785079599.6954358,Generative Requests,1
1785079618.5324893,Generative Requests,1
1785079622.6157415,Generative Requests,1
1785079632.5061145,Generative Requests,1
1785079636.4195628,Generative Requests,1
1785079646.335313,Generative Requests,1
1785079650.2383091,Generative Requests,1
1785079660.0136497,Generative Requests,1
1785079665.894649,Generative Requests,1
1785079669.626986,Generative Requests,1
1785079673.2589328,Generative Requests,1
1785079678.8899965,Generative Requests,1
1785079682.5818486,Generative Requests,1
1785079686.203898,Generative Requests,1
1785079695.9481196,Generative Requests,1
1785079706.0270858,Generative Requests,1
1785079716.1190207,Generative Requests,1
1785079719.989386,Generative Requests,1
1785079725.6452525,Generative Requests,1
1785079731.4106958,Generative Requests,1
1785079735.1372428,Generative Requests,1
1785079738.7389712,Generative Requests,1
1785079748.5352304,Generative Requests,1
1785079758.672182,Generative Requests,1
1785079768.7726595,Generative Requests,1
1785079774.6558363,Generative Requests,1
1785079784.5421927,Generative Requests,1
1785079794.6457767,Generative Requests,1
1785079804.7480252,Generative Requests,1
1785079814.8689268,Generative Requests,1
1785079825.0063283,Generative Requests,1
1785079835.1458926,Generative Requests,1
1785079845.2721477,Generative Requests,1
1785079864.1075737,Generative Requests,1
1785079868.1998386,Generative Requests,1
1785079878.0680656,Generative Requests,1
1785079883.9661536,Generative Requests,1
1785079887.734825,Generative Requests,1
1785079893.3729575,Generative Requests,1
1785079897.0267367,Generative Requests,1
1785079900.6913354,Generative Requests,1
1785079910.5999985,Generative Requests,1
1785079914.5100384,Generative Requests,1
1785079924.4009602,Generative Requests,1
1785079943.2603655,Generative Requests,1
1785079953.5739765,Generative Requests,1
1785079957.4842632,Generative Requests,1
1785079967.3721828,Generative Requests,1
1785079977.4833846,Generative Requests,1
1785079996.3009799,Generative Requests,1
1785080015.3512688,Generative Requests,1
1785080019.3806055,Generative Requests,1
1785080029.267965,Generative Requests,1
1785080033.1586199,Generative Requests,1
1785080038.8589954,Generative Requests,1
1785080042.5852852,Generative Requests,1
1785080048.277773,Generative Requests,1
1785080066.916362,Generative Requests,1
1785080070.9815254,Generative Requests,1
1785080074.6751175,Generative Requests,1
1785080093.2881312,Generative Requests,1
1785080103.6169467,Generative Requests,1
1785080122.4609962,Generative Requests,1
1785080132.781213,Generative Requests,1
1785080151.6411119,Generative Requests,1
1785080161.953346,Generative Requests,1
1785080180.8489506,Generative Requests,1
1785080184.9506278,Generative Requests,1
1785080194.8657384,Generative Requests,1
1785080213.7326176,Generative Requests,1
1785080219.9109874,Generative Requests,1
1785080238.6033716,Generative Requests,1
1785080248.9599009,Generative Requests,1
1785080252.8830597,Generative Requests,1
1785080262.776913,Generative Requests,1
1785080266.7030165,Generative Requests,1
1785080285.3315735,Generative Requests,1
1785080295.6371546,Generative Requests,1
1785080301.5865614,Generative Requests,1
1785080311.545526,Generative Requests,1
1785080321.656689,Generative Requests,1
1785080325.5253446,Generative Requests,1
1785080335.4017813,Generative Requests,1
1785080339.2845235,Generative Requests,1
1785080342.9335167,Generative Requests,1
1785080352.7997348,Generative Requests,1
1785080356.7170246,Generative Requests,1
1785080360.3920417,Generative Requests,1
1785080364.0499058,Generative Requests,1
1785080367.6800997,Generative Requests,1
1785080371.3007956,Generative Requests,1
1785080374.9231846,Generative Requests,1
1785080378.5814648,Generative Requests,1
1785080382.2084193,Generative Requests,1
1785080385.869217,Generative Requests,1
1785080395.717423,Generative Requests,1
1785080399.6159086,Generative Requests,1
1785080409.4479105,Generative Requests,1
1785080419.5344017,Generative Requests,1
1785080423.4150822,Generative Requests,1
1785080433.2173738,Generative Requests,1
1785080437.1175027,Generative Requests,1
1785080440.7775602,Generative Requests,1
1785080444.434845,Generative Requests,1
1785080448.0893235,Generative Requests,1
1785080451.7465253,Generative Requests,1
1785080455.4012115,Generative Requests,1
1785080458.993868,Generative Requests,1
1785080462.5916572,Generative Requests,1
1785080466.187717,Generative Requests,1
1785080476.0135474,Generative Requests,1
1785080479.9169877,Generative Requests,1
1785080483.539999,Generative Requests,1
1785080487.178092,Generative Requests,1
1785080490.8583064,Generative Requests,1
1785080494.5285304,Generative Requests,1
1785080498.181008,Generative Requests,1
1785080501.8175678,Generative Requests,1
1785080505.4475758,Generative Requests,1
1785080509.0849845,Generative Requests,1
1785080512.7462058,Generative Requests,1
1785080516.380183,Generative Requests,1
1785080519.9828355,Generative Requests,1
1785080523.5945234,Generative Requests,1
1785080527.2542787,Generative Requests,1
1785080530.9197142,Generative Requests,1
1785080534.5580432,Generative Requests,1
1785080538.2221556,Generative Requests,1
1785080541.890472,Generative Requests,1
1785080545.5663745,Generative Requests,1
1785080549.2548037,Generative Requests,1
1785080552.9208791,Generative Requests,1
1785080556.597061,Generative Requests,1
1785080560.2642102,Generative Requests,1
1785080563.9340882,Generative Requests,1
1785080567.6032622,Generative Requests,1
1785080571.2652721,Generative Requests,1
1785080574.9538121,Generative Requests,1
1785080578.6225328,Generative Requests,1
1785080582.2891724,Generative Requests,1
1785080585.8580132,Generative Requests,1
1785080589.4880476,Generative Requests,1
1785080593.0414624,Generative Requests,1
1785080611.5997634,Generative Requests,1
1785080615.7060714,Generative Requests,1
1785080619.39698,Generative Requests,1
1785080623.049076,Generative Requests,1
1785080641.67974,Generative Requests,1
1785080645.7413087,Generative Requests,1
1785080649.3482985,Generative Requests,1
1785080653.009169,Generative Requests,1
1785080656.5819335,Generative Requests,1
1785080675.1718223,Generative Requests,1
1785080679.246623,Generative Requests,1
1785080684.9555612,Generative Requests,1
1785080688.6992905,Generative Requests,1
1785080692.3104343,Generative Requests,1
1785080695.9308891,Generative Requests,1
1785080714.4751632,Generative Requests,1
1785080718.5310428,Generative Requests,1
1785080722.153395,Generative Requests,1
1785080725.7861574,Generative Requests,1
1785080731.4718876,Generative Requests,1
1785080737.2255516,Generative Requests,1
1785080755.8529074,Generative Requests,1
1785080759.9148471,Generative Requests,1
1785080778.5001156,Generative Requests,1
1785080797.5115125,Generative Requests,1
1785080801.5984526,Generative Requests,1
1785080805.263854,Generative Requests,1
1785080808.880039,Generative Requests,1
1785080812.5081394,Generative Requests,1
1785080816.113735,Generative Requests,1
1785080819.7182636,Generative Requests,1
1785080823.3284779,Generative Requests,1
1785080826.9330873,Generative Requests,1
1785080830.5466056,Generative Requests,1
1785080834.1509604,Generative Requests,1
1785080837.8132272,Generative Requests,1
1785080841.4590838,Generative Requests,1
1785080845.1225111,Generative Requests,1
1785080848.7780008,Generative Requests,1
1785080852.3971663,Generative Requests,1
1785080856.0881877,Generative Requests,1
1785080859.722218,Generative Requests,1
1785080863.3390722,Generative Requests,1
1785080866.9591832,Generative Requests,1
1785080870.6419537,Generative Requests,1
1785080874.3252513,Generative Requests,1
1785080878.0014942,Generative Requests,1
1785080881.6838808,Generative Requests,1
1785080885.365194,Generative Requests,1
1785080889.0696294,Generative Requests,1
1785080892.7505915,Generative Requests,1
1785080896.4266903,Generative Requests,1
1785080900.1065538,Generative Requests,1
1785080903.783666,Generative Requests,1
1785080907.4000757,Generative Requests,1
1785080911.0800238,Generative Requests,1
1785080914.6975873,Generative Requests,1
1785080918.3704057,Generative Requests,1
1785080922.0575573,Generative Requests,1
1785080925.7394536,Generative Requests,1
1785080929.3888164,Generative Requests,1
1785080933.0307527,Generative Requests,1
1785080936.6513393,Generative Requests,1
1785080940.3007176,Generative Requests,1
1785080943.9229455,Generative Requests,1
1785080947.5406072,Generative Requests,1
1785080951.1912587,Generative Requests,1
1785080954.843567,Generative Requests,1
1785080958.4639592,Generative Requests,1
1785080962.126041,Generative Requests,1
1785080965.7510674,Generative Requests,1
1785080969.4257004,Generative Requests,1
1785080973.113933,Generative Requests,1
1785080976.7942247,Generative Requests,1
1785080980.4730506,Generative Requests,1
1785080984.1763043,Generative Requests,1
1785080987.8559933,Generative Requests,1
1785080991.5354357,Generative Requests,1
1785080995.2153614,Generative Requests,1
1785080998.8965461,Generative Requests,1
1785081002.5742984,Generative Requests,1
1785081006.2551858,Generative Requests,1
1785081009.9321315,Generative Requests,1
1785081013.6081355,Generative Requests,1
1785081017.2991815,Generative Requests,1
1785081020.981093,Generative Requests,1
1785081030.729755,Generative Requests,1
1785081034.641015,Generative Requests,1
1785081053.2127666,Generative Requests,1
1785081057.300314,Generative Requests,1
1785081060.9734328,Generative Requests,1
1785081064.6412363,Generative Requests,1
1785081068.2889793,Generative Requests,1
1785081071.9514542,Generative Requests,1
1785081075.6166077,Generative Requests,1
1785081079.282573,Generative Requests,1
1785081082.926274,Generative Requests,1
1785081086.5283148,Generative Requests,1
1785081090.131339,Generative Requests,1
1785081093.737902,Generative Requests,1
1785081097.3640432,Generative Requests,1
1785081100.9658194,Generative Requests,1
1785081104.567845,Generative Requests,1
1785081108.1722822,Generative Requests,1
1785081111.776869,Generative Requests,1
1785081115.380266,Generative Requests,1
1785081118.98357,Generative Requests,1
1785081122.6098344,Generative Requests,1
1785081126.226044,Generative Requests,1
1785081129.8301423,Generative Requests,1
1785081133.4319806,Generative Requests,1
1785081137.097608,Generative Requests,1
1785081140.7663057,Generative Requests,1
1785081144.4306924,Generative Requests,1
1785081148.1034486,Generative Requests,1
1785081157.9775376,Generative Requests,1
1785081161.8999226,Generative Requests,1
1785081165.6196983,Generative Requests,1
1785081169.3072157,Generative Requests,1
1785081172.9863057,Generative Requests,1
1785081176.637,Generative Requests,1
1785081180.343158,Generative Requests,1
1785081184.0513766,Generative Requests,1
1785081187.7449574,Generative Requests,1
1785081191.4588506,Generative Requests,1
1785081195.1437926,Generative Requests,1
1785081198.8274317,Generative Requests,1
1785081202.5134063,Generative Requests,1
1785081206.194474,Generative Requests,1
1785081209.871783,Generative Requests,1
1785081213.5503051,Generative Requests,1
1785081217.230457,Generative Requests,1
1785081220.909524,Generative Requests,1
1785081224.5906613,Generative Requests,1
1785081228.2690911,Generative Requests,1
1785081231.9908798,Generative Requests,1
1785081235.6754904,Generative Requests,1
1785081239.3562777,Generative Requests,1
1785081243.0132184,Generative Requests,1
1785081261.5873682,Generative Requests,1
1785081265.6676288,Generative Requests,1
1785081269.3293657,Generative Requests,1
1785081272.963433,Generative Requests,1
1785081276.6255145,Generative Requests,1
1785081280.2862058,Generative Requests,1
1785081283.9461641,Generative Requests,1
1785081287.6063402,Generative Requests,1
1785081291.205248,Generative Requests,1
1785081294.865725,Generative Requests,1
1785081298.459067,Generative Requests,1
1785081302.0720084,Generative Requests,1
1785081320.612023,Generative Requests,1
1785081324.6698134,Generative Requests,1
1785081328.3451753,Generative Requests,1
1785081331.973207,Generative Requests,1
1785081335.6029935,Generative Requests,1
1785081339.2523696,Generative Requests,1
1785081342.9141343,Generative Requests,1
1785081346.5493388,Generative Requests,1
1785081350.1507359,Generative Requests,1
1785081353.7842476,Generative Requests,1
1785081357.4202955,Generative Requests,1
1785081361.0891604,Generative Requests,1
1785081364.7184632,Generative Requests,1
1785081368.3205872,Generative Requests,1
1785081371.9206953,Generative Requests,1
1785081375.5208588,Generative Requests,1
1785081379.1211073,Generative Requests,1
1785081382.7290027,Generative Requests,1
1785081386.3554273,Generative Requests,1
1785081404.9121854,Generative Requests,1
1785081408.9883602,Generative Requests,1
1785081427.6033344,Generative Requests,1
1785081446.6526763,Generative Requests,1
1785081465.6805716,Generative Requests,1
1785081469.766028,Generative Requests,1
1785081488.399473,Generative Requests,1
1785081507.4470448,Generative Requests,1
1785081526.496628,Generative Requests,1
1785081530.607663,Generative Requests,1
1785081534.3011575,Generative Requests,1
1785081537.9870143,Generative Requests,1
1785081541.6680737,Generative Requests,1
1785081545.3589861,Generative Requests,1
1785081549.0349777,Generative Requests,1
1785081552.7127345,Generative Requests,1
1785081556.3881574,Generative Requests,1
1785081560.0674028,Generative Requests,1
1785081569.9596374,Generative Requests,1
1785081573.8777761,Generative Requests,1
1785081577.5568361,Generative Requests,1
1785081581.174411,Generative Requests,1
1785081584.815307,Generative Requests,1
1785081588.494857,Generative Requests,1
1785081598.3932326,Generative Requests,1
1785081608.5137045,Generative Requests,1
1785081612.429828,Generative Requests,1
1785081616.0412045,Generative Requests,1
1785081619.6118276,Generative Requests,1
1785081623.1821618,Generative Requests,1
1785081626.7508702,Generative Requests,1
1785081630.391055,Generative Requests,1
1785081634.0818124,Generative Requests,1
1785081637.7527814,Generative Requests,1
1785081641.319379,Generative Requests,1
1785081659.7688239,Generative Requests,1
1785081669.9821517,Generative Requests,1
1785081688.712711,Generative Requests,1
1785081698.9168642,Generative Requests,1
1785081717.636087,Generative Requests,1
1785081727.8494976,Generative Requests,1
1785081731.7732131,Generative Requests,1
1785081750.256909,Generative Requests,1
1785081754.3466854,Generative Requests,1
1785081772.8361764,Generative Requests,1
1785081783.0478442,Generative Requests,1
1785081786.9760685,Generative Requests,1
1785081796.7523997,Generative Requests,1
1785081806.9088545,Generative Requests,1
1785081825.6444733,Generative Requests,1
1785081835.8449073,Generative Requests,1
1785081854.616821,Generative Requests,1
1785081864.9769304,Generative Requests,1
1785081870.9606884,Generative Requests,1
1785081874.667522,Generative Requests,1
1785081878.3341079,Generative Requests,1
1785081884.0529044,Generative Requests,1
1785081887.7143219,Generative Requests,1
1785081906.195945,Generative Requests,1
1785081910.2960117,Generative Requests,1
1785081913.9752924,Generative Requests,1
1785081932.451832,Generative Requests,1
1785081936.5502317,Generative Requests,1
1785081940.2576158,Generative Requests,1
1785081943.9460018,Generative Requests,1
1785081962.428123,Generative Requests,1
1785081972.6459634,Generative Requests,1
1785081976.5808759,Generative Requests,1
1785081980.162046,Generative Requests,1
1785081983.8031385,Generative Requests,1
1785081987.473846,Generative Requests,1
1785081991.0534263,Generative Requests,1
1785082009.5008953,Generative Requests,1
1785082028.4753997,Generative Requests,1
1785082032.4615598,Generative Requests,1
1785082036.0837367,Generative Requests,1
1785082054.5313618,Generative Requests,1
1785082058.6315322,Generative Requests,1
1785082062.2889998,Generative Requests,1
1785082065.9487011,Generative Requests,1
1785082071.6771808,Generative Requests,1
1785082090.3152146,Generative Requests,1
1785082109.3157578,Generative Requests,1
1785082115.465206,Generative Requests,1
1785082134.1366591,Generative Requests,1
1785082138.1534224,Generative Requests,1
1785082141.7401206,Generative Requests,1
1785082160.3642168,Generative Requests,1
1785082164.4436626,Generative Requests,1
1785082174.2371962,Generative Requests,1
1785082193.1051645,Generative Requests,1
